link,title,OG price,DC price,Composition,GSM,Colour
https://www.bonkerscorner.com/product/imagination-is-real-oversized-t-shirt-2/,Imagination Is Real Oversized T-shirt,₹1299.00,₹899.00,100% cotton,200,Off White
https://www.bonkerscorner.com/product/slayers-oversized-t-shirt/,Slayers Oversized T-shirt,₹1299.00,₹799.00,100% cotton,200,Grey
https://www.bonkerscorner.com/product/black-chainsaw-man-oversized-t-shirt/,Black Chainsaw man Oversized T-shirt,₹1199.00,₹699.00,100% cotton,180,Black
https://www.bonkerscorner.com/product/luffy-oversized-t-shirt-2/,Luffy Oversized T-shirt,₹1199.00,₹699.00,100% cotton,200,Black
https://www.bonkerscorner.com/product/brown-iron-man-oversized-t-shirt/,Brown Iron Man Oversized T-shirt,₹1299.00,₹899.00,100% cotton,180,Brown
https://www.bonkerscorner.com/product/psychedelic-mood-oversized-t-shirt/,Psychedelic Mood Oversized T-shirt,₹1299.00,₹799.00,100% cotton,200,Blue
https://www.bonkerscorner.com/product/light-blue-good-vibes-sweatshirt/,Light Blue Good Vibes Sweatshirt,₹1599.00,"₹1,099.00",60% cotton 40% polyester,320,
https://www.bonkerscorner.com/product/tupac-oversized-t-shirt-2/,Tupac Oversized T-shirt,₹1199.00,₹699.00,100% cotton,180,Light Purple
https://www.bonkerscorner.com/product/astroworld-oversized-t-shirt-2/,Astroworld Oversized T-shirt,₹1199.00,₹799.00,100% cotton,200,Brown
https://www.bonkerscorner.com/product/stay-real-oversized-t-shirt-2/,Stay Real Oversized T-shirt,₹1399.00,₹899.00,100% cotton,200,Off White
https://www.bonkerscorner.com/product/turtley-oversized-t-shirt-2/,Turtley Oversized T-shirt,₹999.00,₹699.00,100% premium cotton,180,Blue
https://www.bonkerscorner.com/product/akira-oversized-t-shirt-2/,Akira Oversized T-shirt,₹999.00,₹699.00,100% premium cotton,180,Red
https://www.bonkerscorner.com/product/captain-america-oversized-t-shirt-2/,Captain America Oversized T-shirt,₹1299.00,₹899.00,100% cotton,200,Black
https://www.bonkerscorner.com/product/highest-in-the-room-oversized-t-shirt-2/,Highest In The Room Oversized T-shirt,₹999.00,₹699.00,100% premium cotton,180,Brown
https://www.bonkerscorner.com/product/chainsaw-man-oversized-t-shirt/,Chainsaw Man Oversized T-shirt,₹1199.00,₹699.00,100% premium cotton,180,Orange
https://www.bonkerscorner.com/product/bad-boy-oversized-t-shirt-2/,Bad Boy Oversized T-shirt,₹1199.00,₹799.00,100% premium cotton,200,Black
https://www.bonkerscorner.com/product/bad-boy-oversized-t-shirt-2/,Bad Boy Oversized T-shirt,₹1199.00,₹799.00,100% premium cotton,200,Black
https://www.bonkerscorner.com/product/donald-sk8-polo-oversized-shirt/,Donald Sk8 Polo Oversized Shirt,₹1599.00,₹999.00,100% cotton,240,Cream
https://www.bonkerscorner.com/product/moody-mickey-mouse-oversized-sweatshirt-2/,Moody Mickey Mouse Oversized Sweatshirt,₹1799.00,"₹1,299.00",60% cotton 40% polyester,320,Black
https://www.bonkerscorner.com/product/donald-duck-34-jersey/,Donald Duck 34 Oversized Jersey,₹1499.00,₹999.00,100% premium cotton,230,White
https://www.bonkerscorner.com/product/original-mickey-oversized-jersey/,Original Mickey Oversized Jersey,₹1499.00,₹999.00,100% premium cotton,230,White-Black
https://www.bonkerscorner.com/product/the-lion-king-oversized-t-shirt/,The Lion King Faded Oversized T-shirt,₹1199.00,₹849.00,100% premium cotton,180,Black
https://www.bonkerscorner.com/product/champions-94-oversized-jersey/,Champions 94 Oversized Jersey,₹1499.00,₹999.00,100% premium cotton,230,Black
https://www.bonkerscorner.com/product/stitch-hoodie/,Stitch Heavyweight Hoodie,₹1999.00,"₹1,699.00",60% cotton 40% polyester,380,Pastel Blue
https://www.bonkerscorner.com/product/x-game-mode-oversized-sweatshirt/,X Game Mode Oversized Sweatshirt,₹1699.00,"₹1,199.00",60% cotton 40% polyester,320,Black
https://www.bonkerscorner.com/product/get-silly-oversized-t-shirt/,Get Silly Oversized T-Shirt,₹1099.00,₹799.00,100% premium cotton,180,Black
https://www.bonkerscorner.com/product/red-mickey-mouse-oversized-sweatshirt/,Red Mickey Mouse Oversized Sweatshirt,₹1699.00,"₹1,199.00",60% cotton 40% polyester,320,Red
https://www.bonkerscorner.com/product/mickey-pluto-oversized-sweatshirt/,Mickey & Pluto Oversized Sweatshirt,₹1699.00,"₹1,199.00",60% cotton 40% polyester,320,Off White
https://www.bonkerscorner.com/product/bambi-oversized-sweatshirt-2/,Bambi Oversized Sweatshirt,₹1699.00,"₹1,199.00",60% cotton 40% polyester,320,Brown
https://www.bonkerscorner.com/product/blue-mickey-scribble-oversized-t-shirt/,Blue Mickey Scribble Oversized T-shirt,₹999.00,₹599.00,100% premium cotton,180,Blue
https://www.bonkerscorner.com/product/mickey-scribble-oversized-t-shirt/,Mickey Scribble Oversized T-shirt,₹999.00,₹599.00,100% premium cotton,180,White
https://www.bonkerscorner.com/product/chirpy-donald-duck-oversized-t-shirt/,Chirpy Donald Duck Oversized T-shirt,₹1299.00,₹899.00,100% premium cotton,180,Off White
https://www.bonkerscorner.com/product/duck-it-oversized-t-shirt/,Duck It Oversized T-shirt,₹1099.00,₹799.00,100% premium cotton,180,Dark lilac
https://www.bonkerscorner.com/product/goofy-sports-oversized-t-shirt/,Goofy Sports Oversized T-shirt,₹1199.00,₹799.00,100% premium cotton,180,Faded Black
https://www.bonkerscorner.com/product/stitch-oversized-t-shirt/,Stitch Oversized T-shirt,₹1099.00,₹799.00,100% premium cotton,180,White
https://www.bonkerscorner.com/product/simba-oversized-t-shirt/,Simba Oversized T-shirt,₹1199.00,₹799.00,100% premium cotton,180,Brown
https://www.bonkerscorner.com/product/grumpy-oversized-raglan-t-shirt/,Grumpy Oversized Raglan T-Shirt,₹1099.00,₹799.00,100% premium cotton,180,Red
https://www.bonkerscorner.com/product/deep-blue-parachute-pants-2/,Deep Blue Parachute Pants,₹1499.00,₹999.00,100% cotton,200,Blue
https://www.bonkerscorner.com/product/grumpy-joggersfleece-2/,Grumpy Joggers(Fleece),₹1499.00,"₹1,199.00",60% Cotton 40% Polyester,320,Black
https://www.bonkerscorner.com/product/mickey-periwinkle-joggersfleece-2/,Mickey Periwinkle Joggers(Fleece),₹1499.00,"₹1,199.00",60% Cotton 40% Polyester,320,Lilac Blue
https://www.bonkerscorner.com/product/light-blue-parachute-pants-2/,Light Blue Parachute Pants,₹1499.00,₹999.00,100% cotton,200,Light Blue
https://www.bonkerscorner.com/product/black-full-sleeves-waffle-zipper/,Black Full Sleeves Waffle Zipper,₹1999.00,"₹1,499.00",60% cotton 40% polyester,300,Black
https://www.bonkerscorner.com/product/grey-full-sleeves-waffle-zipper/,Grey Full Sleeves Waffle Zipper,₹1999.00,"₹1,499.00",60% cotton 40% polyester,300,Grey
https://www.bonkerscorner.com/product/blue-half-zip-waffle-sweatshirt/,Blue Half Zip Waffle Sweatshirt,₹1999.00,"₹1,499.00",60% cotton 40% polyester,300,Blue
https://www.bonkerscorner.com/product/black-half-zip-waffle-sweatshirt/,Black Half Zip Waffle Sweatshirt,₹1999.00,"₹1,499.00",60% cotton 40% polyester,300,Black
https://www.bonkerscorner.com/product/xo-smiley-baseball-cap/,XO Smiley Baseball Cap,₹999,₹599.00,100% cotton,220,
https://www.bonkerscorner.com/product/alien-black-baseball-cap/,Alien Black Baseball Cap,₹999,₹599.00,100% cotton,220,
https://www.bonkerscorner.com/product/bonkers-signature-alien-cap/,Bonkers Signature Alien Cap,₹999,₹599.00,100% cotton,220,
https://www.bonkerscorner.com/product/bonkers-signature-alien-cap/,Bonkers Signature Alien Cap,₹999,₹599.00,100% cotton,220,
https://www.bonkerscorner.com/product/black-parachute-pants-2/,Black Parachute Pants,₹1499.00,₹999.00,100% cotton,200,
https://www.bonkerscorner.com/product/wicked-oversized-t-shirt/,Wicked Oversized T-shirt,₹999.00,₹599.00,100% premium cotton,180,
https://www.bonkerscorner.com/product/coder-oversized-t-shirt/,Coder Oversized T-shirt,₹999.00,₹599.00,100% premium cotton,180,
https://www.bonkerscorner.com/product/attack-on-titan-oversized-t-shirt/,Attack On Titan Oversized T-shirt,₹999.00,₹399.00,100% premium cotton,180,
https://www.bonkerscorner.com/product/hope-oversized-t-shirt/,Hope Oversized T-shirt,₹999.00,₹699.00,100% premium cotton,180,
https://www.bonkerscorner.com/product/samurai-oversized-t-shirt/,Samurai Oversized T-shirt,₹999.00,₹699.00,100% premium cotton,180,
https://www.bonkerscorner.com/product/marvel-solar-active-oversized-heavyweight-hoodie-fleece/,Marvel Solar Active Oversized Heavyweight Hoodie(Fleece),₹2399.00,"₹1,899.00",60% Cotton 40% Polyester,380,
https://www.bonkerscorner.com/product/marvel-assemble-oversized-t-shirt/,Marvel Assemble Oversized T-shirt,₹1299.00,₹799.00,100% premium cotton,180,
https://www.bonkerscorner.com/product/iron-man-oversized-heavyweight-hoodie-fleece/,Iron Man Oversized Heavyweight Hoodie(Fleece),₹2099.00,"₹1,599.00",60% Cotton 40% Polyester,380,
https://www.bonkerscorner.com/product/ghost-rider-oversized-t-shirt-glow-in-dark/,Ghost Rider Oversized T-shirt (Glow In Dark),₹1299.00,₹799.00,100% premium cotton,180,
https://www.bonkerscorner.com/product/wolverine-oversized-t-shirt/,Wolverine Oversized T-shirt,₹1299.00,₹799.00,100% premium cotton,180,
https://www.bonkerscorner.com/product/incredible-hulk-oversized-t-shirt/,Incredible Hulk Oversized T-shirt,₹1299.00,₹799.00,100% premium cotton,180,
https://www.bonkerscorner.com/product/captain-america-joggers/,Captain America Joggers(Fleece),₹1599.00,"₹1,099.00",60% Cotton 40% Polyester,320,
https://www.bonkerscorner.com/product/super-solider-sweatshirt/,Super Soldier Sweatshirt,₹1599.00,"₹1,099.00",60% cotton 40% polyester,320,
https://www.bonkerscorner.com/product/venom-oversized-t-shirt/,Venom Oversized T-shirt,₹1299.00,₹799.00,100% premium cotton,180,
https://www.bonkerscorner.com/product/venom-oversized-t-shirt/,Venom Oversized T-shirt,₹1299.00,₹799.00,100% premium cotton,180,
https://www.bonkerscorner.com/product/captain-america-jersey-shorts/,Captain America Jersey Shorts,₹1199.00,₹699.00,100% cotton,220,
https://www.bonkerscorner.com/product/panther-jersey-oversized-t-shirt/,Panther Jersey Oversized T-shirt,₹1499.00,₹999.00,100% cotton,180,
https://www.bonkerscorner.com/product/captain-america-jersey-oversized-t-shirt/,Captain America Jersey Oversized T-shirt,₹1499.00,₹999.00,100% cotton,180,
https://www.bonkerscorner.com/product/scion-of-asgard-oversized-t-shirt/,Scion Of Asgard Oversized T-shirt,₹1299.00,₹799.00,100% premium cotton,180,
https://www.bonkerscorner.com/product/first-aveneger-oversized-t-shirt/,First Avenger Oversized T-shirt,₹1299.00,₹799.00,100% premium cotton,180,
https://www.bonkerscorner.com/product/wakanda-forever-oversized-t-shirt/,Wakanda Forever Oversized T-shirt,₹1299.00,₹799.00,100% premium cotton,180,
https://www.bonkerscorner.com/product/spider-man-oversized-t-shirt/,Spider-Man Oversized T-shirt,₹1199.00,₹699.00,100% premium cotton,180,
https://www.bonkerscorner.com/product/marvel-signature-oversized-t-shirt/,Marvel Signature Oversized T-shirt,₹1199.00,₹699.00,100% premium cotton,180,
https://www.bonkerscorner.com/product/legacy-of-23-oversized-t-shirt/,Legacy of 23 Oversized T-shirt,₹999.00,₹699.00,100% premium cotton,180,
https://www.bonkerscorner.com/product/justice-for-all-oversized-t-shirt/,Justice For All Oversized T-shirt,₹999.00,₹699.00,100% premium cotton,180,
https://www.bonkerscorner.com/product/the-metallica-skull-oversized-t-shirt/,The Metallica Skull Oversized T-shirt,₹999.00,₹699.00,100% premium cotton,180,
https://www.bonkerscorner.com/product/darker-and-heavier-metallica-oversized-t-shirt/,Darker And Heavier Metallica Oversized T-shirt,₹999.00,₹699.00,100% premium cotton,180,
https://www.bonkerscorner.com/product/head-empty-oversized-t-shirt/,Head Empty Oversized T-shirt,₹899.00,₹599.00,100% premium cotton,180,
https://www.bonkerscorner.com/product/west-coast-oversized-t-shirt/,West Coast Oversized T-shirt,₹999.00,₹699.00,100% cotton,180,
https://www.bonkerscorner.com/product/grey-polo-sweatshirt/,Grey Polo Sweatshirt,₹1499.00,"₹1,199.00",60% cotton 40% polyester,320,
https://www.bonkerscorner.com/product/black-polo-sweatshirt/,Black Polo Sweatshirt,₹1499.00,"₹1,199.00",60% cotton 40% polyester,320,
https://www.bonkerscorner.com/product/navy-blue-polo-sweatshirt/,Navy Blue Polo Sweatshirt,₹1499.00,"₹1,199.00",60% cotton 40% polyester,320,
https://www.bonkerscorner.com/product/chief-polo/,Chief Polo,₹899.00,₹599.00,100% premium cotton,230,
https://www.bonkerscorner.com/product/signature-crew-polo/,Signature Crew Polo,₹999.00,₹699.00,100% premium cotton,230,
https://www.bonkerscorner.com/product/paradise-oversized-tshirt/,Paradise Oversized Tshirt,₹899.00,₹599.00,100% cotton,180,
https://www.bonkerscorner.com/product/lazy-sloth-oversized-tshirt/,Lazy Sloth Oversized Tshirt,₹899.00,₹599.00,100% cotton,180,
https://www.bonkerscorner.com/product/eldorado-oversized-t-shirt/,Eldorado Oversized T-shirt,₹899.00,₹599.00,100% premium cotton,180,
https://www.bonkerscorner.com/product/ruby-striped-collared-full-sleeves-t-shirt/,Ruby Striped Collared Full Sleeves T-shirt,₹1499.00,₹999.00,100% premium cotton,250,
https://www.bonkerscorner.com/product/retro-rodeo-sweatshirt-2/,Retro Rodeo Sweatshirt,₹1599.00,"₹1,199.00",60% cotton 40% polyester,320,
https://www.bonkerscorner.com/product/signature-mint-sweatshirt-2/,Signature Mint Sweatshirt,₹1399.00,₹999.00,60% cotton 40% polyester,320,
https://www.bonkerscorner.com/product/raw-power-sweatshirt-2/,Raw Power Sweatshirt,₹1599.00,"₹1,199.00",60% cotton 40% polyester,380,
https://www.bonkerscorner.com/product/signature-baby-pink-sweatshirt-2/,Signature Baby Pink Sweatshirt,₹1399.00,₹999.00,60% cotton 40% polyester,320,
https://www.bonkerscorner.com/product/musty-plum-collared-full-sleeves-t-shirt/,Musty Plum Collared Full Sleeves T-shirt,₹1499.00,₹999.00,100% premium cotton,250,
https://www.bonkerscorner.com/product/sports-dept-oversized-t-shirt-2/,Sports Dept Oversized T-shirt,₹999.00,₹699.00,100% cotton,180,
https://www.bonkerscorner.com/product/coco-berry-oversized-shirt/,Coco Berry Oversized Shirt,₹1699.00,"₹1,199.00",100% cotton,200,
https://www.bonkerscorner.com/product/brown-plaid-oversized-shirt/,Brown Plaid Oversized Shirt,₹1699.00,"₹1,199.00",100% cotton,200,
https://www.bonkerscorner.com/product/aligator-oversized-t-shirt-2/,Alligator Faded Effect Oversized T-shirt,₹999.00,₹699.00,100% cotton,180,
https://www.bonkerscorner.com/product/blue-cereal-killer-oversized-tshirt/,Blue Cereal Killer Oversized T-shirt,₹999.00,₹699.00,100% cotton,180,
https://www.bonkerscorner.com/product/doggy-style-oversized-tshirt/,Doggystyle Oversized Tshirt,₹899.00,₹599.00,100% cotton,180,
https://www.bonkerscorner.com/product/signature-cone-man-oversized-tshirt/,Signature Cone Man Oversized Tshirt,₹899.00,₹599.00,100% cotton,180,
https://www.bonkerscorner.com/product/big-fish-oversized-tshirt/,Big Fish Faded Effect Oversized Tshirt,₹999.00,₹699.00,100% cotton,180,
https://www.bonkerscorner.com/product/red-cereal-killer-oversized-tshirt/,Red Cereal Killer Oversized T-shirt,₹999.00,₹699.00,100% cotton,180,
https://www.bonkerscorner.com/product/pirate-crew-oversized-tshirt/,Pirate Crew Oversized Tshirt,₹899.00,₹599.00,100% cotton,180,
https://www.bonkerscorner.com/product/the-last-dragon-oversized-tshirt/,The Last Dragon Faded Effect Oversized Tshirt,₹999.00,₹699.00,100% cotton,180,
https://www.bonkerscorner.com/product/diesel-punk-oversized-tshirt/,Diesel Punk Oversized T-shirt,₹999.00,₹599.00,100% cotton,180,
https://www.bonkerscorner.com/product/goat-sweatshirt/,GOAT Faded Effect Oversized Sweatshirt,₹1499.00,"₹1,099.00",60% cotton 40% polyester,380,
https://www.bonkerscorner.com/product/signature-black-problem-child-oversized-tshirt/,Signature Black Problem Child Oversized Tshirt,₹949.00,₹649.00,100% cotton,180,
https://www.bonkerscorner.com/product/brown-fox-hoodie/,Brown Fox Hoodie,₹1999.00,"₹1,499.00",60% cotton 40% polyester,380,
https://www.bonkerscorner.com/product/moon-child-sweatshirt/,Moon Child Sweatshirt,₹1499.00,"₹1,099.00",60% cotton 40% polyester,380,
https://www.bonkerscorner.com/product/yolo-hoodie/,YOLO Hoodie,₹1999.00,"₹1,499.00",60% cotton 40% polyester,380,
https://www.bonkerscorner.com/product/signature-grey-on-black-sweatshirt-2/,Grey Doubled Coloured Signature Sweatshirt,₹1499.00,"₹1,099.00",60% cotton 40% polyester,380,
https://www.bonkerscorner.com/product/midnight-blue-signature-sweatshirt-2/,Midnight Blue Signature Sweatshirt,₹1499.00,"₹1,099.00",60% cotton 40% polyester,380,
https://www.bonkerscorner.com/product/wingman-sweatshirt/,Wingman Sweatshirt,₹1499.00,"₹1,099.00",60% cotton 40% polyester,380,
https://www.bonkerscorner.com/product/black-moon-child-sweatshirt/,Black Moon Child Sweatshirt,₹1499.00,"₹1,099.00",60% cotton 40% polyester,380,
https://www.bonkerscorner.com/product/orange-fallen-kings-oversized-t-shirt/,Orange Fallen Kings Oversized T-shirt,₹949.00,₹649.00,100% cotton,180,
https://www.bonkerscorner.com/product/prussian-mustard-checkered-plaid-oversized-shirt/,Prussian Mustard Checkered Plaid Oversized Shirt,₹1699.00,"₹1,199.00",100%  cotton,200,
https://www.bonkerscorner.com/product/main-character-sweatshirt-2/,Main Character Sweatshirt,₹1499.00,"₹1,099.00",60% cotton 40% polyester,380,
https://www.bonkerscorner.com/product/sandy-striped-heavyweight-oversized-t-shirt/,Sandy Striped Heavyweight Oversized T-Shirt,₹899.00,₹599.00,100% Cotton,210,
https://www.bonkerscorner.com/product/caffenication-oversized-t-shirt/,Caffeinication Oversized T-Shirt,₹999.00,₹599.00,100% premium cotton,180,
https://www.bonkerscorner.com/product/pista-heavyweight-oversized-t-shirt/,Pista Green Heavyweight Oversized T-Shirt,₹899.00,₹599.00,100% Cotton,210,
https://www.bonkerscorner.com/product/blue-plaid-flannel-oversized-shirt-2/,Blue Plaid Flannel Oversized Shirt,₹1699.00,"₹1,199.00",100% cotton,200,
https://www.bonkerscorner.com/product/musty-plum-striped-oversized-t-shirt/,Musty Plum Striped Heavyweight Oversized T-Shirt,₹899.00,₹599.00,100% Cotton,210,
https://www.bonkerscorner.com/product/signature-skater-boy-oversized-t-shirt/,Signature Skater Boy Oversized T-Shirt,₹999.00,₹599.00,100% premium cotton,180,
https://www.bonkerscorner.com/product/grey-spidy-oversized-t-shirt-2/,Grey Spidy Oversized T-Shirt,₹949.00,₹649.00,100% premium cotton,180,
https://www.bonkerscorner.com/product/flying-saucer-oversized-t-shirt-2/,Flying Saucer Oversized T-Shirt,₹999.00,₹599.00,100% premium cotton,180,
https://www.bonkerscorner.com/product/xo-oversized-t-shirt-2/,XO Oversized T-Shirt,₹999.00,₹599.00,100% premium cotton,180,
https://www.bonkerscorner.com/product/no-cap-oversized-t-shirt-2/,No Cap Oversized T-Shirt,₹949.00,₹649.00,100% premium cotton,180,
https://www.bonkerscorner.com/product/poker-face-oversized-t-shirt-2/,Poker Face Oversized T-Shirt,₹999.00,₹599.00,100% premium cotton,180,
https://www.bonkerscorner.com/product/poker-face-oversized-t-shirt-2/,Poker Face Oversized T-Shirt,₹999.00,₹599.00,100% premium cotton,180,
https://www.bonkerscorner.com/product/dead-end-street-oversized-t-shirt-2/,Dead End Street Oversized T-Shirt,₹949.00,₹649.00,100% premium cotton,180,
https://www.bonkerscorner.com/product/head-banger-oversized-t-shirt-2/,Head Banger Oversized T-Shirt,₹999.00,₹599.00,100% premium cotton,180,
https://www.bonkerscorner.com/product/hoop-oversized-t-shirt-2/,Hoop Oversized T-Shirt,₹949.00,₹649.00,100% premium cotton,180,
https://www.bonkerscorner.com/product/slash-oversized-t-shirt-2/,Slash Oversized T-Shirt,₹999.00,₹599.00,100% premium cotton,180,
https://www.bonkerscorner.com/product/black-spidy-oversized-t-shirt-2/,Black Spidy Oversized T-Shirt,₹949.00,₹649.00,100% premium cotton,180,
https://www.bonkerscorner.com/product/staycation-oversized-t-shirt-2/,Staycation Oversized T-Shirt,₹999.00,₹599.00,100% premium cotton,180,
https://www.bonkerscorner.com/product/hard-cash-oversized-t-shirt-2/,Hard Cash Oversized T-Shirt,₹999.00,₹599.00,100% premium cotton,180,
https://www.bonkerscorner.com/product/skrt-oversized-t-shirt-2/,Skrt Oversized T-Shirt,₹949.00,₹649.00,100% premium cotton,180,
https://www.bonkerscorner.com/product/takeover-oversized-t-shirt-2/,Takeover Oversized T-Shirt,₹999.00,₹699.00,100% premium cotton,180,
https://www.bonkerscorner.com/product/dont-duck-with-me-oversized-t-shirt-2/,Don’t Duck With Me Oversized T-Shirt,₹949.00,₹649.00,100% premium cotton,180,
https://www.bonkerscorner.com/product/sorted-oversized-t-shirt-2/,Sorted Oversized T-Shirt,₹999.00,₹599.00,100% premium cotton,180,
https://www.bonkerscorner.com/product/problem-child-oversized-t-shirt-2/,Problem Child Oversized T-Shirt,₹949.00,₹649.00,100% premium cotton,180,
https://www.bonkerscorner.com/product/u-bonkerosaurus-oversized-tshirt/,Bonkerosaurus Oversized T-Shirt,₹999.00,₹599.00,100% cotton,180,
https://www.bonkerscorner.com/product/black-utility-straight-fit-pant/,Black Utility Straight Fit Pant,₹1999.00,"₹1,299.00",60% cotton 40% Polyester,320,
https://www.bonkerscorner.com/product/styles-faded-effect-oversized-t-shirt/,Styles Faded Effect Oversized T-Shirt,₹1099.00,₹699.00,100% premium cotton,180,
https://www.bonkerscorner.com/product/navy-blue-signature-oversized-t-shirt/,Navy Blue Signature Oversized  T-shirt,₹999.00,₹599.00,100% cotton,180,
https://www.bonkerscorner.com/product/ruby-stripes-heavyweight-oversized-t-shirt/,Ruby Stripes Heavyweight Oversized T-shirt,₹899.00,₹599.00,100% Cotton,210,
https://www.bonkerscorner.com/product/blue-fallen-kings-oversized-t-shirt-2/,Blue Fallen Kings Oversized T-shirt,₹949.00,₹649.00,100% cotton,180,
https://www.bonkerscorner.com/product/fins-clan-oversized-t-shirt-2/,Fins Clan Oversized T-shirt,₹999.00,₹699.00,100% premium cotton,180,
https://www.bonkerscorner.com/product/blue-ruffle-it-up-oversized-t-shirt/,Blue Ruffle It Up Oversized T-shirt,₹949.00,₹649.00,100% premium cotton,180,
https://www.bonkerscorner.com/product/orange-oversized-t-shirt/,Orange Oversized T-shirt,₹949.00,₹649.00,100% premium cotton,180,
https://www.bonkerscorner.com/product/no-drug-oversized-t-shirt/,No Drug Oversized T-shirt,₹949.00,₹649.00,100% premium cotton,180,
https://www.bonkerscorner.com/product/blaze-oversized-t-shirt/,Blaze Oversized T-shirt,₹899.00,₹599.00,100% premium cotton,180,
https://www.bonkerscorner.com/product/lilac-bermuda-shorts/,Lilac Bermuda Shorts,₹999.00,₹699.00,60% cotton 40% Polyester,280,
https://www.bonkerscorner.com/product/black-bermuda-shorts/,Black Bermuda Shorts,₹999.00,₹699.00,60% cotton 40% Polyester,280,
https://www.bonkerscorner.com/product/charcoal-bermuda-shorts/,Charcoal Bermuda Shorts,₹999.00,₹699.00,60% cotton 40% Polyester,280,
https://www.bonkerscorner.com/product/i-hate-everyone-oversized-t-shirt-2/,I Hate Everyone Oversized T-shirt,₹899.00,₹599.00,100% premium cotton,180,
https://www.bonkerscorner.com/product/humans-arent-real-oversized-tshirt/,Humans Aren’t Real Oversized Tshirt,₹999.00,₹699.00,100% cotton,180,
https://www.bonkerscorner.com/product/you-are-just-like-maths-oversized-t-shirt-2/,You Are Just Like Maths Oversized T-shirt,₹999.00,₹599.00,100% premium cotton,180,
https://www.bonkerscorner.com/product/hot-pink-bermunda-shorts/,Hot Pink Bermuda Shorts,₹999.00,₹699.00,60% cotton 40% Polyester,280,
https://www.bonkerscorner.com/product/game-on-oversized-t-shirt-2/,Game On Oversized T-Shirt,₹899.00,₹599.00,100% cotton,180,
https://www.bonkerscorner.com/product/game-on-oversized-t-shirt-2/,Game On Oversized T-Shirt,₹899.00,₹599.00,100% cotton,180,
https://www.bonkerscorner.com/product/green-plaid-flannel-oversized-shirt-2/,Green Plaid Flannel Oversized Shirt,₹1699.00,"₹1,199.00",100%  cotton,200,
https://www.bonkerscorner.com/product/main-character-oversized-t-shirt-2/,Main Character Oversized T-Shirt,₹899.00,₹599.00,100% cotton,180,
https://www.bonkerscorner.com/product/bonkers-futuristic-oversized-t-shirt/,Bonkers Futuristic Oversized T-Shirt,₹899.00,₹599.00,100% cotton,180,
https://www.bonkerscorner.com/product/beige-plaid-flannel-oversized-shirt-2/,Beige Plaid Flannel Oversized Shirt,₹1699.00,"₹1,199.00",100%  cotton,200,
https://www.bonkerscorner.com/product/dark-navy-blue-checkered-plaid-oversized-shirt/,Dark Navy Blue Checkered Plaid Oversized Shirt,₹1699.00,"₹1,199.00",100% cotton,200,
https://www.bonkerscorner.com/product/moon-child-oversized-t-shirt/,Moon Child Oversized T-Shirt,₹899.00,₹599.00,100% cotton,180,
https://www.bonkerscorner.com/product/mind-games-oversized-t-shirt/,Mind Games Oversized T-Shirt,₹899.00,₹599.00,100% cotton,180,
https://www.bonkerscorner.com/product/orange-wingman-oversized-t-shirt/,Orange Wingman Oversized T-Shirt,₹899.00,₹599.00,100% cotton,180,
https://www.bonkerscorner.com/product/black-heavyweight-oversized-t-shirt/,Black Heavyweight Oversized T-shirt,₹699.00,₹499.00,100% premium cotton,220,
https://www.bonkerscorner.com/product/stop-wars-oversized-t-shirt/,Stop Wars Oversized T-Shirt,₹899.00,₹599.00,100% cotton,180,
https://www.bonkerscorner.com/product/black-wingman-oversized-t-shirt/,Black Wingman Oversized T-Shirt,₹899.00,₹599.00,100% cotton,180,
https://www.bonkerscorner.com/product/pack-of-10-self-love-sticker-set/,Pack Of 10 Self Love Sticker Set,₹200,₹100.00,,,
https://www.bonkerscorner.com/product/coco-stripes-heavyweight-oversized-t-shirt/,Coco Stripes Heavyweight Oversized T-shirt,₹899.00,₹599.00,100% Cotton,210,
https://www.bonkerscorner.com/product/nob-head-oversized-heavyweight-sweatshirt-2/,Nob Head Oversized Heavyweight Sweatshirt,₹1599.00,"₹1,099.00",60% cotton 40% polyester,400,
https://www.bonkerscorner.com/product/basic-hot-pink-oversized-heavyweight-sweatshirt-2/,Basic Hot Pink Oversized Heavyweight Sweatshirt,₹1499.00,₹999.00,80% cotton 20% polyester,300,
https://www.bonkerscorner.com/product/travis-scott-faded-effect-heavyweight-sweatshirt-2/,Travis Scott Faded Effect Heavyweight Sweatshirt,₹1599.00,"₹1,199.00",100% premium cotton,320,
https://www.bonkerscorner.com/product/maroon-utility-straight-fit-pants-2/,Maroon Utility Straight Fit Pants,₹1699.00,"₹1,299.00",60% cotton 40% Polyester,320,
https://www.bonkerscorner.com/product/mens-black-ribbed-relaxed-fit-t-shirt/,Mens Black Ribbed Relaxed Fit T-shirt,₹799.00,₹499.00,97% cotton 3% spandex,240,
https://www.bonkerscorner.com/product/mood-swings-sweatshirt-2/,Mood Swings Heavyweight Sweatshirt,₹1599.00,"₹1,099.00",60% cotton 40% polyester,400,
https://www.bonkerscorner.com/product/basic-peach-oversized-heavyweight-sweatshirt/,Basic Peach Oversized Heavyweight Sweatshirt,₹1499.00,₹999.00,60% cotton 40% polyester,400,
https://www.bonkerscorner.com/product/we-all-broke-our-rules-faded-effect-sweatshirt-2/,We All Broke Our Rules Faded Effect Sweatshirt,₹1599.00,"₹1,099.00",100% premium cotton,320,
https://www.bonkerscorner.com/product/punk-white-oversized-t-shirt-2/,Punk White Oversized T-shirt,₹899.00,₹599.00,100% premium cotton,180,
https://www.bonkerscorner.com/product/metallica-sweatshirt-2/,Metallica Sweatshirt,₹1599.00,₹999.00,80% cotton 20% polyester,300,
https://www.bonkerscorner.com/product/bonkers-bulldog-oversized-t-shirt-2/,Bonkers Bulldog Oversized T-shirt,₹999.00,₹599.00,100% premium cotton,180,
https://www.bonkerscorner.com/product/show-no-mercy-oversized-t-shirt-2/,Show No Mercy Oversized T-shirt,₹899.00,₹599.00,100% premium cotton,180,
https://www.bonkerscorner.com/product/motorsport-hoodie-2/,Motorsport Oversized Heavyweight Hoodie (Fleece),₹1699.00,"₹1,299.00",100% premium cotton(Fleece),350,
https://www.bonkerscorner.com/product/no-hate-oversized-t-shirt-2/,No Hate Oversized T-Shirt,₹899.00,₹599.00,100% premium cotton,180,
https://www.bonkerscorner.com/product/dark-grey-melange-zipper-2/,Dark Grey Melange Zipper,₹1899.00,"₹1,299.00",80% cotton 20% Polyester,300,
https://www.bonkerscorner.com/product/rebel-child-oversized-t-shirt-2/,Rebel Child Oversized T-shirt,₹899.00,₹599.00,100% premium cotton,180,
https://www.bonkerscorner.com/product/billie-bratz-oversized-heavyweight-sweatshirt/,Billie Bratz Oversized Heavyweight Sweatshirt,₹1599.00,"₹1,099.00",80% cotton 20% polyester,300,
https://www.bonkerscorner.com/product/nob-head-oversized-t-shirt-2/,Nob Head Oversized T-Shirt,₹749.00,₹549.00,100% premium cotton,180,
https://www.bonkerscorner.com/product/untamed-leopard-faded-effect-oversized-t-shirt-2/,Untamed Faded Effect Oversized T-Shirt,₹1099.00,₹799.00,100% premium cotton,220,
https://www.bonkerscorner.com/product/motordrip-faded-effect-oversized-t-shirt/,Motordrip Faded Effect Oversized T-shirt,₹999.00,₹699.00,100% premium cotton,200,
https://www.bonkerscorner.com/product/red-signature-oversized-heavyweight-hoodie-fleece-2/,Red Signature Oversized Heavyweight Hoodie (Fleece),₹2199.00,"₹1,199.00",100% premium cotton(Fleece),350,
https://www.bonkerscorner.com/product/riverdale-sweatshirt/,Riverdale Sweatshirt(Fleece),₹1599.00,₹999.00,100% premium cotton(Fleece),280,
https://www.bonkerscorner.com/product/navy-blue-collared-sweatshirt/,Navy Blue Collared Sweatshirt,₹1899.00,₹999.00,100% premium cotton(Fleece),320,
https://www.bonkerscorner.com/product/black-crew-neck-waffle/,Black Heavyweight Crew Neck Waffle,₹1299.00,₹899.00,60% cotton 40% polyester,320,
https://www.bonkerscorner.com/product/black-polo/,Black Polo,₹849.00,₹449.00,100% premium cotton,220,
https://www.bonkerscorner.com/product/red-motorsport-oversized-t-shirt-2/,Red Motorsport Oversized T-Shirt,₹899.00,₹599.00,100% premium cotton,180,
https://www.bonkerscorner.com/product/indigenous-oversized-t-shirt-2/,Indigenous Oversized T-shirt,₹999.00,₹599.00,100% Cotton,180,
https://www.bonkerscorner.com/product/white-basic-2/,White Basic,₹699.00,₹399.00,100% premium cotton,180,
https://www.bonkerscorner.com/product/aloha-oversized-t-shirt-2/,Aloha Oversized T-Shirt,₹749.00,₹549.00,100% premium cotton,180,
https://www.bonkerscorner.com/product/grey-melange-best-of-ye-oversized-t-shirt-2/,Grey Melange Best Of Ye Oversized T-shirt,₹899.00,₹599.00,80% cotton 20% Polyester,180,
https://www.bonkerscorner.com/product/sage-inside-out-oversized-t-shirt-2/,Sage Inside-Out Oversized T-shirt,₹749.00,₹549.00,100% premium cotton,180,
https://www.bonkerscorner.com/product/faded-bottle-green-t-shirt/,Faded Bottle Green T-shirt,₹899.00,₹599.00,100% premium cotton,180,
https://www.bonkerscorner.com/product/off-road-oversized-t-shirt-2/,Off Road Oversized T-Shirt,₹999.00,₹599.00,100% premium cotton,180,
https://www.bonkerscorner.com/product/super-smash-oversized-t-shirt/,Super Smash Oversized T-shirt,₹899.00,₹599.00,100% premium cotton,180,
https://www.bonkerscorner.com/product/bad-guy-oversized-t-shirt/,Bad Guy Oversized T-shirt,₹999.00,₹599.00,100% BCI CF Cotton,180,
https://www.bonkerscorner.com/product/post-malone-illustration-oversized-t-shirt/,Post Malone Illustration Oversized T-shirt,₹899.00,₹599.00,100% premium cotton,180,
https://www.bonkerscorner.com/product/street-fighter-oversized-t-shirt-2/,Street Fighter Oversized T-shirt,₹899.00,₹599.00,100% premium cotton,180,
https://www.bonkerscorner.com/product/travis-scott-faded-oversized-t-shirt/,Travis Scott Faded Oversized T-shirt,₹999.00,₹699.00,100% premium cotton,200,
https://www.bonkerscorner.com/product/navy-blue-bnw-sweatshirt/,Navy Blue Sweatshirt,₹1299.00,₹999.00,100% premium cotton(Fleece),400,
https://www.bonkerscorner.com/product/little-snitch-black-joggers/,Little Snitch Black Joggers,₹1299.00,₹999.00,60% cotton 40% Polyester,320,
https://www.bonkerscorner.com/product/grey-ribbed-t-shirt/,Mens Grey Ribbed Relaxed Fit T-shirt,₹799.00,₹499.00,97% cotton 3% spandex,240,
https://www.bonkerscorner.com/product/blue-ribbed-t-shirt/,Mens Blue Ribbed Relaxed Fit T-shirt,₹799.00,₹499.00,97% cotton 3% spandex,240,
https://www.bonkerscorner.com/product/mens-white-ribbed-vest-tank/,Men’s White Ribbed Vest Tank,₹599.00,₹399.00,97% cotton 3% spandex,240,
https://www.bonkerscorner.com/product/jade-joggers/,Jade Joggers,₹1299.00,₹999.00,60% cotton 40% Polyester,320,
https://www.bonkerscorner.com/product/fight-club-oversized-t-shirt/,First Rule Oversized T-shirt,₹749.00,₹549.00,100% premium cotton,220,
https://www.bonkerscorner.com/product/la-flames-oversized-t-shirt/,La Flame Oversized T-shirt,₹999.00,₹599.00,100% premium cotton,220,
https://www.bonkerscorner.com/product/red-polo/,Red Polo,₹849.00,₹449.00,100% premium cotton,220,
https://www.bonkerscorner.com/product/green-polo/,Green Polo,₹849.00,₹449.00,100% premium cotton,220,
https://www.bonkerscorner.com/product/best-of-ye-oversized-t-shirt/,Best Of Ye Oversized T-shirt,₹899.00,₹599.00,100% premium cotton,220,
https://www.bonkerscorner.com/product/drip-oversized-t-shirt/,Drip Signature Oversized T-shirt,₹899.00,₹599.00,100% premium cotton,180,
https://www.bonkerscorner.com/product/drip-oversized-t-shirt/,Drip Signature Oversized T-shirt,₹899.00,₹599.00,100% premium cotton,180,
https://www.bonkerscorner.com/product/bnw-sweatshirt/,BNW Sweatshirt,₹1299.00,₹999.00,100% premium cotton(Fleece),400,
https://www.bonkerscorner.com/product/contra-evolution-oversized-t-shirt-2/,Contra Evolution Oversized T-shirt,₹899.00,₹599.00,100% premium cotton,180,
https://www.bonkerscorner.com/product/billie-eilish-illustration-oversized-t-shirt/,Billie Eilish Illustration Oversized T-shirt,₹899.00,₹599.00,100% premium cotton,220,
https://www.bonkerscorner.com/product/billie-bratz-oversized-t-shirt-2/,Billie Bratz Oversized T-shirt,₹899.00,₹599.00,100% premium cotton,180,
https://www.bonkerscorner.com/product/babushka-boi-oversized-t-shirt/,Babushka Boi Oversized T-shirt,₹899.00,₹599.00,100% premium cotton,180,
https://www.bonkerscorner.com/product/maroon-polo/,Maroon Polo,₹849.00,₹449.00,100% premium cotton,220,
https://www.bonkerscorner.com/product/super-mario-oversized-t-shirt/,Super Mario Oversized T-shirt,₹899.00,₹599.00,100% premium cotton,180,
https://www.bonkerscorner.com/product/matcha-utility-straight-fit-pant/,Matcha Utility Straight Fit Pant,₹1999.00,"₹1,299.00",60% cotton 40% Polyester,320,
https://www.bonkerscorner.com/product/gaara-oversized-t-shirt/,Gaara Oversized T-Shirt,₹899.00,₹599.00,100% premium cotton,180,
https://www.bonkerscorner.com/product/pulp-fiction-oversized-t-shirt/,Pulp Fiction Oversized T-shirt,₹899.00,₹599.00,100% premium cotton,180,
https://www.bonkerscorner.com/product/gta/,Classic Movie Oversized T-shirt,₹899.00,₹599.00,100% premium cotton,180,
https://www.bonkerscorner.com/product/death-note-oversized-t-shirt/,Death Note Oversized T-shirt,₹899.00,₹399.00,100% premium cotton,180,
https://www.bonkerscorner.com/product/black-motorsport-oversized-t-shirt/,Black Motorsport Oversized T-Shirt,₹899.00,₹599.00,100% premium cotton,180,
https://www.bonkerscorner.com/product/black-basic-2/,Black Basic,₹699.00,₹399.00,100% premium cotton,180,
https://www.bonkerscorner.com/product/naruto-oversized-t-shirt-2/,Naruto Oversized T-Shirt,₹899.00,₹599.00,100% premium cotton,180,
https://www.bonkerscorner.com/product/peach-pink-basic-2/,Peach Pink Basic,₹699.00,₹399.00,100% premium cotton,180,
https://www.bonkerscorner.com/product/out-stitched-denim-pants-2/,Out Stitched Denim Pants,₹1699.00,"₹1,299.00",100% Cotton,,
https://www.bonkerscorner.com/product/olive-heavyweight-pique-oversized-t-shirt-2/,Olive Heavyweight Pique Oversized T-shirt,₹1099.00,₹699.00,100% cotton,240,
https://www.bonkerscorner.com/product/psychedelic-mood-oversized-t-shirt/,Psychedelic Mood Oversized T-shirt,₹1299.00,₹799.00,100% cotton,200,Blue
https://www.bonkerscorner.com/product/the-lion-king-oversized-t-shirt/,The Lion King Faded Oversized T-shirt,₹1199.00,₹849.00,100% premium cotton,180,Black
https://www.bonkerscorner.com/product/champions-94-oversized-jersey/,Champions 94 Oversized Jersey,₹1499.00,₹999.00,100% premium cotton,230,Black
https://www.bonkerscorner.com/product/deep-blue-parachute-pants-2/,Deep Blue Parachute Pants,₹1499.00,₹999.00,100% cotton,200,Blue
https://www.bonkerscorner.com/product/grey-parachute-pants-2/,Grey Parachute Pants,₹1499.00,₹999.00,100% cotton,200,Grey
https://www.bonkerscorner.com/product/grumpy-joggersfleece-2/,Grumpy Joggers(Fleece),₹1499.00,"₹1,199.00",60% Cotton 40% Polyester,320,Black
https://www.bonkerscorner.com/product/black-parachute-pants-2/,Black Parachute Pants,₹1499.00,₹999.00,100% cotton,200,
https://www.bonkerscorner.com/product/blue-tie-dye-boxers/,Blue Tie Dye Boxers,₹550.00,₹449.00,100% premium cotton,140,
https://www.bonkerscorner.com/product/black-panther-oversized-jersey-set/,Black Panther Oversized Jersey Set,₹1999.00,"₹1,499.00",100% Cotton,180,
https://www.bonkerscorner.com/product/panther-jersey-shorts/,Panther Jersey Shorts,₹1199.00,₹699.00,100% cotton,220,
https://www.bonkerscorner.com/product/beige-heavyweight-pique-oversized-t-shirt-2/,Beige Heavyweight Pique Oversized T-shirt,₹1099.00,₹699.00,100% cotton,240,
https://www.bonkerscorner.com/product/signature-cream-sweatshirt-2/,Signature Cream Sweatshirt,₹1399.00,₹999.00,60% cotton 40% polyester,320,
https://www.bonkerscorner.com/product/grey-heavyweight-pique-oversized-t-shirt-2/,Grey Heavyweight Pique Oversized T-shirt,₹1099.00,₹699.00,100% cotton,240,
https://www.bonkerscorner.com/product/panther-jersey-shorts/,Panther Jersey Shorts,₹1199.00,₹699.00,100% cotton,220,
https://www.bonkerscorner.com/product/chief-polo/,Chief Polo,₹899.00,₹599.00,100% premium cotton,230,
https://www.bonkerscorner.com/product/beige-heavyweight-pique-oversized-t-shirt-2/,Beige Heavyweight Pique Oversized T-shirt,₹1099.00,₹699.00,100% cotton,240,
https://www.bonkerscorner.com/product/signature-cream-sweatshirt-2/,Signature Cream Sweatshirt,₹1399.00,₹999.00,60% cotton 40% polyester,320,
https://www.bonkerscorner.com/product/grey-heavyweight-pique-oversized-t-shirt-2/,Grey Heavyweight Pique Oversized T-shirt,₹1099.00,₹699.00,100% cotton,240,
https://www.bonkerscorner.com/product/black-heavyweight-pique-oversized-t-shirt-2/,Black Heavyweight Pique Oversized T-shirt,₹1099.00,₹699.00,100% cotton,240,
https://www.bonkerscorner.com/product/sandy-striped-collared-full-sleeves-t-shirt/,Sandy Striped Collared Full Sleeves T-shirt,₹1499.00,₹999.00,100% premium cotton,250,
https://www.bonkerscorner.com/product/mustard-plaid-oversized-shirt-2/,Mustard Plaid Oversized Shirt,₹1699.00,"₹1,199.00",100% cotton,200,
https://www.bonkerscorner.com/product/goat-faded-effect-oversized-t-shirt-2/,GOAT Faded Effect Oversized T-Shirt,₹1099.00,₹699.00,100% premium cotton,180,
https://www.bonkerscorner.com/product/the-last-dragon-oversized-tshirt/,The Last Dragon Faded Effect Oversized Tshirt,₹999.00,₹699.00,100% cotton,180,
https://www.bonkerscorner.com/product/problem-child-sweatshirt-2/,Problem Child Sweatshirt,₹1499.00,"₹1,099.00",60% cotton 40% polyester,380,
https://www.bonkerscorner.com/product/no-mercy-sweatshirt-2/,No Mercy Sweatshirt,₹1499.00,"₹1,099.00",60% cotton 40% polyester,380,
https://www.bonkerscorner.com/product/red-doubled-coloured-signature-sweatshirt-2/,Red Doubled Coloured Signature Sweatshirt,₹1499.00,"₹1,099.00",60% cotton 40% polyester,380,
https://www.bonkerscorner.com/product/dead-end-street-sweatshirt-2/,Dead End Street Sweatshirt,₹1499.00,"₹1,099.00",60% cotton 40% polyester,380,
https://www.bonkerscorner.com/product/black-19-signature-sweatshirt-2/,Black 19 Signature Sweatshirt,₹1499.00,"₹1,099.00",60% cotton 40% polyester,380,
https://www.bonkerscorner.com/product/charcoal-faded-shirt-2/,Charcoal Faded Shirt,₹1499.00,₹999.00,100% cotton,210,
https://www.bonkerscorner.com/product/off-white-pastel-oversized-flannel-shirt/,Off White Pastel Oversized Flannel Shirt,₹1699.00,"₹1,199.00",100% cotton,200,
https://www.bonkerscorner.com/product/lilac-wingman-oversized-t-shirt/,Lilac Wingman Oversized T-Shirt,₹899.00,₹599.00,100% cotton,180,
https://www.bonkerscorner.com/product/wine-faded-effect-sweatshirt-2/,Wine Faded Effect Sweatshirt,₹1499.00,₹999.00,100% premium cotton,320,
https://www.bonkerscorner.com/product/mint-polo/,Mint Polo,₹849.00,₹449.00,100% premium cotton,220,
https://www.bonkerscorner.com/product/beige-set-2/,Beige Set,₹2999.00,"₹2,199.00",60% Cotton 40% polyester,400,
https://www.bonkerscorner.com/product/billie-illustration-oversized-heavyweight-sweatshirt/,Billie Illustration Oversized Heavyweight Sweatshirt,₹1599.00,"₹1,099.00",60% cotton 40% polyester,400,
https://www.bonkerscorner.com/product/smokey-grey-melange-zipper-2/,Smokey Grey Melange Zipper,₹1899.00,"₹1,299.00",80% cotton 20% Polyester,300,
https://www.bonkerscorner.com/product/grey-faded-effect-sweatshirt-2/,Grey Faded Effect Sweatshirt,₹1299.00,₹999.00,100% cotton,320,
https://www.bonkerscorner.com/product/bottle-green-faded-effect-sweatshirt/,Bottle Green Faded Effect Sweatshirt,₹1299.00,₹999.00,100% cotton,320,
https://www.bonkerscorner.com/product/basic-black-oversized-heavyweight-sweatshirt-2/,Basic Black Oversized Heavyweight Sweatshirt,₹1499.00,₹999.00,60% cotton 40% polyester,400,
https://www.bonkerscorner.com/product/mens-white-ribbed-relaxed-fit-t-shirt/,Mens White Ribbed Relaxed Fit T-shirt,₹799.00,₹499.00,97% cotton 3% spandex,240,
https://www.bonkerscorner.com/product/sage-oversized-heavyweight-sweatshirt/,Sage Oversized Heavyweight Sweatshirt,₹1499.00,₹999.00,80% cotton 20% polyester,300,
https://www.bonkerscorner.com/product/show-no-mercy-oversized-t-shirt-2/,Show No Mercy Oversized T-shirt,₹899.00,₹599.00,100% premium cotton,180,
https://www.bonkerscorner.com/product/keep-it-trashy-sweatshirt-2/,Keep It Trashy Sweatshirt,₹1599.00,₹999.00,80% cotton 20% polyester,300,
https://www.bonkerscorner.com/product/bonkers-signature-jersey-2/,Bonkers Signature Jersey,₹999.00,₹649.00,100% premium cotton,230,
https://www.bonkerscorner.com/product/make-art-not-war-oversized-heavyweight-hoodie-fleece/,Make Art Not War Oversized Heavyweight Hoodie (Fleece),₹1699.00,"₹1,299.00",60% cotton 40% polyester,400,
https://www.bonkerscorner.com/product/sage-oversized-heavyweight-sweatshirt/,Sage Oversized Heavyweight Sweatshirt,₹1499.00,₹999.00,80% cotton 20% polyester,300,
https://www.bonkerscorner.com/product/keep-it-trashy-sweatshirt-2/,Keep It Trashy Sweatshirt,₹1599.00,₹999.00,80% cotton 20% polyester,300,
https://www.bonkerscorner.com/product/bonkers-signature-jersey-2/,Bonkers Signature Jersey,₹999.00,₹649.00,100% premium cotton,230,
https://www.bonkerscorner.com/product/make-art-not-war-oversized-heavyweight-hoodie-fleece/,Make Art Not War Oversized Heavyweight Hoodie (Fleece),₹1699.00,"₹1,299.00",60% cotton 40% polyester,400,
https://www.bonkerscorner.com/product/super-mario-oversized-heavyweight-sweatshirt/,Super Mario Oversized Heavyweight Sweatshirt,₹1599.00,"₹1,099.00",60% cotton 40% polyester,400,
https://www.bonkerscorner.com/product/olive-blend-oversized-sweatshirt/,Olive Blend Oversized Sweatshirt,₹1299.00,₹999.00,60% cotton 40% polyester,300,
https://www.bonkerscorner.com/product/signature-hoodie-men/,White Signature Oversized Heavyweight Hoodie (Fleece),₹2199.00,"₹1,199.00",100% premium cotton(Fleece),350,
https://www.bonkerscorner.com/product/signature-baller-oversized-jersey-set-2/,Signature Baller Oversized Jersey Set,₹1399.00,"₹1,049.00",100% Cotton,180,
https://www.bonkerscorner.com/product/navy-blue-heavyweight-crew-neck-waffle/,Navy Blue Heavyweight Crew Neck Waffle,₹1299.00,₹899.00,60% cotton 40% polyester,320,
https://www.bonkerscorner.com/product/grey-heavyweight-crew-neck-waffle/,Grey Heavyweight Crew Neck Waffle,₹1299.00,₹899.00,60% cotton 40% polyester,320,
https://www.bonkerscorner.com/product/white-crew-neck-waffle/,White Heavyweight Crew Neck Waffle,₹1299.00,₹899.00,60% cotton 40% polyester,320,
https://www.bonkerscorner.com/product/new-black-lounge-shorts/,Space Black Lounge Shorts,₹999.00,₹699.00,80% cotton 20% Polyester,300,
https://www.bonkerscorner.com/product/cream-lounge-shorts/,Cream Lounge Shorts,₹999.00,₹699.00,80% cotton 20% Polyester,300,
https://www.bonkerscorner.com/product/space-grey-heavyweight-oversized-t-shirt-2/,Space Grey Heavyweight Oversized T-shirt,₹699.00,₹499.00,100% premium cotton,220,
https://www.bonkerscorner.com/product/pink-collared-sweatshirt/,Pink Collared Sweatshirt,₹1899.00,₹999.00,100% premium cotton(Fleece),320,
https://www.bonkerscorner.com/product/peach-heavyweight-oversized-t-shirt/,Peach Heavyweight Oversized T-shirt,₹699.00,₹499.00,100% premium cotton,220,
https://www.bonkerscorner.com/product/pink-collared-sweatshirt/,Pink Collared Sweatshirt,₹1899.00,₹999.00,100% premium cotton(Fleece),320,
https://www.bonkerscorner.com/product/peach-heavyweight-oversized-t-shirt/,Peach Heavyweight Oversized T-shirt,₹699.00,₹499.00,100% premium cotton,220,
https://www.bonkerscorner.com/product/khaki-heavyweight-oversized-t-shirt/,Khaki Heavyweight Oversized T-shirt,₹699.00,₹499.00,100% premium cotton,220,
https://www.bonkerscorner.com/product/barely-pink-heavyweight-oversized-t-shirt/,Barely Pink Heavyweight Oversized T-shirt,₹699.00,₹499.00,100% premium cotton,220,
https://www.bonkerscorner.com/product/oversized-grey-tie-dye-2/,Oversized Grey Tie Dye,₹849.00,₹349.00,100% premium cotton,180,
https://www.bonkerscorner.com/product/oversized-lilac-bubblegum-tie-dye/,Oversized Lilac Bubblegum Tie Dye,₹849.00,₹349.00,100% premium cotton,180,
https://www.bonkerscorner.com/product/charizard-oversized-t-shirt-2/,Orange Dragon Oversized T-shirt,₹899.00,₹349.00,100% premium cotton,180,
https://www.bonkerscorner.com/product/baseball-shirt-2/,Baseball Shirt,₹999.00,₹799.00,PQ 100% cotton,220,
https://www.bonkerscorner.com/product/aqua-blue-polo/,Aqua Blue Polo,₹849.00,₹449.00,100% premium cotton,220,
https://www.bonkerscorner.com/product/god-damnn-oversized-t-shirt/,God Damnn Oversized T-shirt,₹899.00,₹599.00,100% premium cotton,220,
https://www.bonkerscorner.com/product/peanut-brown-straight-fit-pants/,Peanut Brown Regular Fit Pants,₹1299.00,₹999.00,60% cotton 40% Polyester,280,
https://www.bonkerscorner.com/product/the-wild-child-oversized-t-shirt-2/,The Wild Child Oversized T-shirt,₹849.00,₹549.00,100% premium cotton,180,
https://www.bonkerscorner.com/product/navy-blue-polo/,Navy Blue Polo,₹849.00,₹449.00,100% premium cotton,220,
https://www.bonkerscorner.com/product/pastel-pink-polo/,Pastel Pink Polo,₹849.00,₹449.00,100% premium cotton,220,
https://www.bonkerscorner.com/product/pastel-yellow-polo/,Pastel Yellow Polo,₹849.00,₹449.00,100% premium cotton,220,
https://www.bonkerscorner.com/product/matcha-oversized-zipper/,Matcha Oversized Zipper,₹1899.00,"₹1,299.00",60% cotton 40% polyester,320,
https://www.bonkerscorner.com/product/matcha-lounge-set-ribbed-tank-zipper-utility-straight-fit-pant-copy/,"Matcha Lounge Set: Basic T-shirt, Zipper & Utility straight fit pant",₹3599.00,"₹2,499.00",100% premium cotton,280,
https://www.bonkerscorner.com/product/brown-oversized-zipper/,Brown Oversized Zipper,₹1899.00,"₹1,299.00",60% cotton 40% polyester,320,
https://www.bonkerscorner.com/product/black-oversized-zipper-2/,Black Oversized Zipper,₹1899.00,"₹1,299.00",60% cotton 40% polyester,320,
https://www.bonkerscorner.com/product/brown-lounge-set-basic-t-shirt-zipper-utility-straight-fit-pant/,"Brown Lounge Set: Basic T-shirt, Zipper & Utility straight fit pant",₹3599.00,"₹2,499.00",100% premium cotton,280,
https://www.bonkerscorner.com/product/kakashi-manga-long-sleeved-cotton-t-shirt/,Kakashi Manga Long-Sleeved Cotton T-Shirt,₹899.00,₹699.00,100% premium cotton,220,
https://www.bonkerscorner.com/product/black-set-preorders/,"Black Lounge Set: Basic T-shirt, Zipper & Utility straight fit pant",₹3599.00,"₹2,499.00",100% premium cotton,280,
https://www.bonkerscorner.com/product/black-oversized-drop-shoulder/,Black Oversized Drop Shoulder T-shirt,₹699.00,₹499.00,100% premium cotton,180,
https://www.bonkerscorner.com/product/ink-tie-dye-boxers/,Ink Tie Dye Boxers,₹550.00,₹449.00,100% premium cotton,140,
https://www.bonkerscorner.com/product/red-tie-dye-boxers/,Red Tie Dye Boxers,₹550.00,₹449.00,100% premium cotton,140,
https://www.bonkerscorner.com/product/cow-print-oversized-t-shirt-2/,Cow Print Oversized T-Shirt,₹899.00,₹599.00,100% premium cotton,180,
https://www.bonkerscorner.com/product/cheetos-long-sleeved-cotton-t-shirt/,Cheetos Long-Sleeved Cotton T-Shirt,₹999.00,₹699.00,100% premium cotton,220,
https://www.bonkerscorner.com/product/blue-tie-dye-2/,Oversized Blue Tie Dye,₹849.00,₹349.00,100% premium cotton,180,
https://www.bonkerscorner.com/product/printed-cotton-boxers-cow-print/,Printed Cotton Boxers: Cow Print,₹550.00,₹449.00,100% premium cotton,140,
https://www.bonkerscorner.com/product/oversized-shirt-jacketfleece-5/,Lilac Oversized Shirt Jacket(Fleece),₹2399.00,"₹1,199.00",100% premium cotton(Fleece),350,
https://www.bonkerscorner.com/product/oversized-shirt-jacketfleece-3/,Olive Oversized Shirt Jacket(Fleece),₹2399.00,"₹1,199.00",100% premium cotton(Fleece),350,
https://www.bonkerscorner.com/product/oversized-shirt-jacketfleece/,Black Oversized Shirt Jacket(Fleece),₹2399.00,"₹1,199.00",100% premium cotton(Fleece),350,
https://www.bonkerscorner.com/product/ink-signature-tie-dye-2/,Oversized Ink Signature Tie Dye,₹849.00,₹349.00,100% premium cotton,180,
https://www.bonkerscorner.com/product/red-signature-tie-dye-2/,Oversized Red Signature Tie Dye,₹849.00,₹349.00,100% premium cotton,180,
https://www.bonkerscorner.com/product/signature-hoodie-men-2/,Black Signature Oversized Heavyweight Hoodie (Fleece),₹2199.00,"₹1,199.00",100% premium cotton(Fleece),350,
https://www.bonkerscorner.com/product/stone-tie-dye/,Oversized Stone Tie Dye,₹849.00,₹349.00,100% premium cotton,180,
https://www.bonkerscorner.com/product/yellow-tie-dye-2/,Oversized Yellow Tie dye,₹849.00,₹349.00,100% premium cotton,180,
https://www.bonkerscorner.com/product/lilac-basic-2/,Lilac Basic,₹699.00,₹399.00,100% premium cotton,180,
https://www.bonkerscorner.com/product/navy-blue-basic/,Navy Blue Basic,₹699.00,₹399.00,100% premium cotton,180,
